<!DOCTYPE suite SYSTEM "https://testng.org/testng-1.0.dtd">
<suite name="Bazaar API Test Suite" verbose="2" parallel="false">
    <test name="API Tests">
        <classes>
            <class name="tests.US022_GetAllUsersTest"/>
            <class name="tests.US023_GetUserDetailsTest"/>
            <class name="tests.US024_CreateUserTest"/>
            <class name="tests.US025_UpdateUserTest"/>
            <class name="tests.US026_DeleteUserTest"/>

        </classes>

    </test>

</suite>
